"id","name"
"6462a6f04c3d0ddd28897f9b",Ukrainian
"6462a6f04c3d0ddd28897f9c",Italian
"6462a6f04c3d0ddd28897f9d",Moroccan
"6462a6f04c3d0ddd28897f9e",Unknown
"6462a6f04c3d0ddd28897f9f",Thai
"6462a6f04c3d0ddd28897fa0",Irish
"6462a6f04c3d0ddd28897fa1",British
"6462a6f04c3d0ddd28897fa2",Japanese
"6462a6f04c3d0ddd28897fa3",French
"6462a6f04c3d0ddd28897fa4",Indian
"6462a6f04c3d0ddd28897fa5",American
"6462a6f04c3d0ddd28897fa6",Mexican
"6462a6f04c3d0ddd28897fa7",Malaysian
"6462a6f04c3d0ddd28897fa8",Dutch
"6462a6f04c3d0ddd28897fa9",Spanish
"6462a6f04c3d0ddd28897faa",Canadian
"6462a6f04c3d0ddd28897fab",Vietnamese
"6462a6f04c3d0ddd28897fac",Tunisian
"6462a6f04c3d0ddd28897fad",Greek
"6462a6f04c3d0ddd28897fae",Portuguese
"6462a6f04c3d0ddd28897faf",Croatian
"6462a6f04c3d0ddd28897fb0",Chinese
"6462a6f04c3d0ddd28897fb1",Egyptian
"6462a6f04c3d0ddd28897fb2",Jamaican
"6462a6f04c3d0ddd28897fb3",Polish
"6462a6f04c3d0ddd28897fb4",Kenyan
"6462a6f04c3d0ddd28897fb5",Turkish
